event_time,mean_cites,std_cites,n,se,ci_lo,ci_hi,stratum_type,stratum_label
-8,0.03514622883530016,0.6808616906149801,11694,0.006296183169408594,0.022805709823259312,0.047486747847341,reason,"Paper Mill (n=11,694)"
-7,0.08098170001710278,1.0691602286212203,11694,0.009886925244341049,0.06160332653819432,0.10036007349601124,reason,"Paper Mill (n=11,694)"
-6,0.13947323413716436,1.4607238328036924,11694,0.013507860609613028,0.11299782734232283,0.1659486409320059,reason,"Paper Mill (n=11,694)"
-5,0.2138703608688216,1.4548159237709033,11694,0.01345322796111573,0.18750203406503477,0.24023868767260845,reason,"Paper Mill (n=11,694)"
-4,0.35890200102616726,1.901506339141337,11694,0.017583941605249755,0.3244374754798777,0.3933665265724568,reason,"Paper Mill (n=11,694)"
-3,0.6095433555669574,2.54263524915026,11694,0.02351270086467202,0.5634584618722003,0.6556282492617145,reason,"Paper Mill (n=11,694)"
-2,1.0578074226098855,3.273539794807888,11694,0.03027164906552787,0.9984749904414508,1.11713985477832,reason,"Paper Mill (n=11,694)"
-1,1.9555327518385497,4.519642478938895,11694,0.04179482749563457,1.873614889947106,2.0374506137299933,reason,"Paper Mill (n=11,694)"
0,3.056524713528305,5.32663239497541,11694,0.04925736562528355,2.959980276902749,3.153069150153861,reason,"Paper Mill (n=11,694)"
1,1.6170685821788953,4.7821723536836975,11694,0.04422253961634763,1.530392404530854,1.7037447598269366,reason,"Paper Mill (n=11,694)"
2,0.70702924576706,2.4481326508374988,11694,0.022638799928308927,0.6626571979075746,0.7514012936265455,reason,"Paper Mill (n=11,694)"
3,0.20848298272618437,1.1402811235095969,11694,0.010544606808103306,0.18781555338230188,0.22915041207006687,reason,"Paper Mill (n=11,694)"
4,0.05156490507952796,0.3826282470735387,11694,0.0035383067700412683,0.04462982381024708,0.05849998634880885,reason,"Paper Mill (n=11,694)"
5,0.012741576877030956,0.13936285390888742,11694,0.0012887405288280148,0.010215645440528047,0.015267508313533865,reason,"Paper Mill (n=11,694)"
6,0.0012827090815802976,0.05773805803726294,11694,0.0005339254569018239,0.00023621518605272283,0.0023292029771078723,reason,"Paper Mill (n=11,694)"
7,0.0004275696938600992,0.027740015082952325,11694,0.00025652231355044935,-7.521404069878157e-05,0.00093035342841898,reason,"Paper Mill (n=11,694)"
8,0.0001710278775440397,0.013077203486442347,11694,0.00012092980061765595,-6.599453166656596e-05,0.00040805028675464534,reason,"Paper Mill (n=11,694)"
-8,0.8631245601688952,6.119304180337673,2842,0.11478628621481832,0.6381434391878513,1.088105681149939,reason,"Misconduct/Fraud (n=2,842)"
-7,1.0707248416608022,6.0456081990062,2842,0.11340389243985653,0.8484532124786834,1.292996470842921,reason,"Misconduct/Fraud (n=2,842)"
-6,1.496481351161154,6.637134469379782,2842,0.12449977879779522,1.2524617847174755,1.7405009176048327,reason,"Misconduct/Fraud (n=2,842)"
-5,1.8712174524982408,6.755415926959725,2842,0.1267185096932625,1.6228491734994464,2.119585731497035,reason,"Misconduct/Fraud (n=2,842)"
-4,2.5893736805066854,8.117749229108504,2842,0.15227324201771433,2.2909181261519653,2.8878292348614054,reason,"Misconduct/Fraud (n=2,842)"
-3,3.3071780436312457,9.012737546044802,2842,0.16906148821029032,2.9758175267390765,3.638538560523415,reason,"Misconduct/Fraud (n=2,842)"
-2,3.8817733990147785,9.477632124486913,2842,0.17778200946044148,3.533320660472313,4.230226137557244,reason,"Misconduct/Fraud (n=2,842)"
-1,4.427867698803659,9.525853830110325,2842,0.17868655519641605,4.077642050618684,4.778093346988634,reason,"Misconduct/Fraud (n=2,842)"
0,4.200211118930331,8.159296645147538,2842,0.15305259101694638,3.900228040537116,4.5001941973235455,reason,"Misconduct/Fraud (n=2,842)"
1,2.462350457424349,5.141656541952659,2842,0.0964475113590943,2.273313335160524,2.6513875796881736,reason,"Misconduct/Fraud (n=2,842)"
2,1.6474313863476424,3.9917517143572963,2842,0.07487752549627696,1.5006714363749396,1.7941913363203452,reason,"Misconduct/Fraud (n=2,842)"
3,1.236805066854328,3.2224589262166687,2842,0.06044708380549752,1.1183287825955528,1.3552813511131032,reason,"Misconduct/Fraud (n=2,842)"
4,1.0489092188599578,3.025423287374093,2842,0.05675107710797535,0.9376771077283261,1.1601413299915895,reason,"Misconduct/Fraud (n=2,842)"
5,0.8680506685432794,2.7199135932027607,2842,0.051020307372875,0.7680508660924443,0.9680504709941145,reason,"Misconduct/Fraud (n=2,842)"
6,0.6917663617171006,2.3578179835151825,2842,0.044228095535411814,0.6050792944676935,0.7784534289665077,reason,"Misconduct/Fraud (n=2,842)"
7,0.5499648135116115,2.050523837955831,2842,0.038463852950829706,0.4745756617279853,0.6253539652952378,reason,"Misconduct/Fraud (n=2,842)"
8,0.4524982406755806,1.6673445220435805,2842,0.0312761516482488,0.39119698344501297,0.5137994979061482,reason,"Misconduct/Fraud (n=2,842)"
-8,0.1797667638483965,2.7335327399052347,17150,0.020873352996438433,0.13885499197537715,0.22067853572141582,reason,"Error/Unreliable (n=17,150)"
-7,0.22903790087463557,3.025657952987896,17150,0.02310403148907854,0.18375399915604163,0.2743218025932295,reason,"Error/Unreliable (n=17,150)"
-6,0.3323615160349854,3.4209203921947,17150,0.02612226950004267,0.2811618678149018,0.38356116425506903,reason,"Error/Unreliable (n=17,150)"
-5,0.49492711370262393,4.395109763560516,17150,0.033561214107160155,0.42914713405259003,0.5607070933526579,reason,"Error/Unreliable (n=17,150)"
-4,0.9895043731778426,22.700505926416042,17150,0.17334186874098004,0.6497543104455217,1.3292544359101635,reason,"Error/Unreliable (n=17,150)"
-3,1.366997084548105,11.669202172255808,17150,0.08910644184812136,1.192348458525787,1.5416457105704229,reason,"Error/Unreliable (n=17,150)"
-2,1.9938192419825074,8.662537500145925,17150,0.06614744372576994,1.8641702522799983,2.1234682316850164,reason,"Error/Unreliable (n=17,150)"
-1,3.0435568513119535,10.645208022747854,17150,0.081287186187877,2.8842339663837144,3.2028797362401926,reason,"Error/Unreliable (n=17,150)"
0,3.7346355685131196,11.60627163327132,17150,0.08862590201945814,3.5609288005549815,3.9083423364712577,reason,"Error/Unreliable (n=17,150)"
1,1.9815743440233236,7.060513234426987,17150,0.053914329587773285,1.8759022580312879,2.0872464300153593,reason,"Error/Unreliable (n=17,150)"
2,1.0170845481049562,4.632031019616798,17150,0.035370353225133114,0.9477586557836952,1.0864104404262171,reason,"Error/Unreliable (n=17,150)"
3,0.5703790087463557,3.504389860801202,17150,0.02675964532408678,0.5179301039111457,0.6228279135815658,reason,"Error/Unreliable (n=17,150)"
4,0.3745189504373178,2.7506800751688685,17150,0.021004290656954076,0.33335054074968784,0.4156873601249478,reason,"Error/Unreliable (n=17,150)"
5,0.27591836734693875,2.460420310081866,17150,0.01878785679140091,0.23909416803579298,0.31274256665808453,reason,"Error/Unreliable (n=17,150)"
6,0.20752186588921281,2.111206898886269,17150,0.016121250792297783,0.17592421433630917,0.23911951744211646,reason,"Error/Unreliable (n=17,150)"
7,0.16495626822157433,1.7459555442689494,17150,0.013332178488148636,0.138825198384803,0.19108733805834566,reason,"Error/Unreliable (n=17,150)"
8,0.12151603498542274,1.3370379396642424,17150,0.010209669149676987,0.10150508345205585,0.14152698651878964,reason,"Error/Unreliable (n=17,150)"
-8,0.4533773534398144,2.5751837701149825,11207,0.024325598852096675,0.4056991796897049,0.5010555271899239,reason,"Plagiarism/Duplication (n=11,207)"
-7,0.5988221647184795,3.0020860207308853,11207,0.028358185969976815,0.5432401202173249,0.654404209219634,reason,"Plagiarism/Duplication (n=11,207)"
-6,0.746140804854109,3.151150471512146,11207,0.0297662726762126,0.6877989104087323,0.8044826992994858,reason,"Plagiarism/Duplication (n=11,207)"
-5,1.0447042027304363,3.9847626429861545,11207,0.03764070692701425,0.9709284171534883,1.1184799883073842,reason,"Plagiarism/Duplication (n=11,207)"
-4,1.4282145087891496,5.044138558847256,11207,0.04764774171104407,1.3348249350355033,1.5216040825427959,reason,"Plagiarism/Duplication (n=11,207)"
-3,1.8343892210225752,6.3945239321870355,11207,0.06040369849704679,1.7159979719683636,1.9527804700767868,reason,"Plagiarism/Duplication (n=11,207)"
-2,2.3293477290978855,7.003781247994361,11207,0.06615884080340438,2.199676401123213,2.459019057072558,reason,"Plagiarism/Duplication (n=11,207)"
-1,2.8430445257428394,7.963210267795395,11207,0.07522176117964541,2.6956098738307346,2.990479177654944,reason,"Plagiarism/Duplication (n=11,207)"
0,3.0466672615329706,7.478343968056735,11207,0.07064163635856653,2.90820965427018,3.185124868795761,reason,"Plagiarism/Duplication (n=11,207)"
1,1.860265905237798,5.584753156719533,11207,0.052754473896157755,1.7568671364013286,1.9636646740742671,reason,"Plagiarism/Duplication (n=11,207)"
2,1.1907736236280897,4.098163311793968,11207,0.038711907829641554,1.1148982842819923,1.266648962974187,reason,"Plagiarism/Duplication (n=11,207)"
3,0.8724904077808513,3.310090749027321,11207,0.031267648025476484,0.8112058176509174,0.9337749979107852,reason,"Plagiarism/Duplication (n=11,207)"
4,0.6840367627375747,2.997651739891155,11207,0.02831629904207807,0.6285368166151017,0.7395367088600477,reason,"Plagiarism/Duplication (n=11,207)"
5,0.5315427857589007,2.4663105668900647,11207,0.023297165115395275,0.48588034213272596,0.5772052293850755,reason,"Plagiarism/Duplication (n=11,207)"
6,0.4009101454448113,2.1257897025357746,11207,0.020080550424366125,0.3615522666130537,0.4402680242765689,reason,"Plagiarism/Duplication (n=11,207)"
7,0.33229231730168646,1.9877041136093991,11207,0.01877617180779518,0.2954910205584079,0.369093614044965,reason,"Plagiarism/Duplication (n=11,207)"
8,0.25537610422057644,1.6914688035381908,11207,0.01597788556420918,0.22405944851472645,0.28669275992642645,reason,"Plagiarism/Duplication (n=11,207)"
-8,0.03334402051939724,0.668587449182744,15595,0.005353841750964371,0.022850490687507073,0.04383755035128741,reason,"Other/Unclear (n=15,595)"
-7,0.07957678743186919,1.719383888097425,15595,0.0137682950185255,0.05259092919555921,0.10656264566817916,reason,"Other/Unclear (n=15,595)"
-6,0.1343379288233408,2.660490017544914,15595,0.021304382173741112,0.09258133976280823,0.17609451788387337,reason,"Other/Unclear (n=15,595)"
-5,0.18371272843860212,3.145530296473406,15595,0.025188434887265767,0.13434339605956122,0.23308206081764302,reason,"Other/Unclear (n=15,595)"
-4,0.24770759858929145,3.549952315635966,15595,0.028426921481425588,0.19199083248569732,0.3034243646928856,reason,"Other/Unclear (n=15,595)"
-3,0.3388906700865662,3.8184894984872306,15595,0.0305772842843661,0.2789591928892087,0.39882214728392373,reason,"Other/Unclear (n=15,595)"
-2,0.5047771721705675,4.10910264119585,15595,0.0329044245540709,0.4402845000445885,0.5692698442965465,reason,"Other/Unclear (n=15,595)"
-1,0.7428663033023405,4.806536085554381,15595,0.03848925612320942,0.66742736130085,0.818305245303831,reason,"Other/Unclear (n=15,595)"
0,0.9616543764026931,5.938707657529404,15595,0.0475553363176614,0.8684459172200768,1.0548628355853096,reason,"Other/Unclear (n=15,595)"
1,0.7116383456235973,4.409131552132289,15595,0.035306963386995995,0.6424366973850851,0.7808399938621094,reason,"Other/Unclear (n=15,595)"
2,0.5408143635780699,2.7850022911668706,15595,0.022301437996191234,0.49710354510553506,0.5845251820506047,reason,"Other/Unclear (n=15,595)"
3,0.420519397242706,1.9027637937203223,15595,0.015236744652469233,0.39065537772386627,0.4503834167615457,reason,"Other/Unclear (n=15,595)"
4,0.32170567489579993,1.5906816841871105,15595,0.012737687528692358,0.2967398073395629,0.34667154245203696,reason,"Other/Unclear (n=15,595)"
5,0.26553382494389227,1.3952093879783452,15595,0.011172405766555486,0.24363590964144352,0.287431740246341,reason,"Other/Unclear (n=15,595)"
6,0.20647643475472907,1.218080883548731,15595,0.009754015422165481,0.18735856452728472,0.22559430498217342,reason,"Other/Unclear (n=15,595)"
7,0.17120872074382815,1.032213998075561,15595,0.00826565082186623,0.15500804513297034,0.18740939635468595,reason,"Other/Unclear (n=15,595)"
8,0.13658223789676177,0.8959988237111821,15595,0.00717488178556688,0.12251946959705069,0.15064500619647286,reason,"Other/Unclear (n=15,595)"
-8,0.01248339973439575,0.7155397629766738,7530,0.008245866221796886,-0.003678498060326144,0.028645297529117646,discipline,"Notice (n=7,530)"
-7,0.009428950863213811,0.46903457370505536,7530,0.005405145245988935,-0.0011651338189245016,0.020023035545352126,discipline,"Notice (n=7,530)"
-6,0.014077025232403718,0.6176777570642901,7530,0.007118106381318924,0.00012553672501862574,0.02802851373978881,discipline,"Notice (n=7,530)"
-5,0.016865869853917664,0.7151713457133103,7530,0.008241620588465682,0.0007122935005249263,0.0330194462073104,discipline,"Notice (n=7,530)"
-4,0.01899070385126162,0.8079072241248403,7530,0.009310307035968149,0.0007425020607640491,0.03723890564175919,discipline,"Notice (n=7,530)"
-3,0.026958831341301462,0.9842380704171957,7530,0.011342340256951272,0.0047278444376769695,0.04918981824492595,discipline,"Notice (n=7,530)"
-2,0.03213811420982736,0.8962831542969469,7530,0.010328749525305825,0.011893765140227944,0.05238246327942678,discipline,"Notice (n=7,530)"
-1,0.04196547144754316,0.8463228150151195,7530,0.009753007553399558,0.022849576642880027,0.061081366252206296,discipline,"Notice (n=7,530)"
0,0.060159362549800796,0.9278492396670176,7530,0.010692516475201952,0.03920203025840497,0.08111669484119663,discipline,"Notice (n=7,530)"
1,0.07556440903054448,0.6822030219156577,7530,0.007861694270379027,0.06015548826060159,0.09097332980048738,discipline,"Notice (n=7,530)"
2,0.11872509960159362,0.5970507674681259,7530,0.006880401356987648,0.10523951294189783,0.1322106862612894,discipline,"Notice (n=7,530)"
3,0.1204515272244356,0.593244663089262,7530,0.00683653988463041,0.10705190905056,0.1338511453983112,discipline,"Notice (n=7,530)"
4,0.09216467463479415,0.4543202857111858,7530,0.00523557807918091,0.08190294159959957,0.10242640766998873,discipline,"Notice (n=7,530)"
5,0.06653386454183267,0.3672881551382248,7530,0.004232621510118807,0.058237926381999816,0.07482980270166553,discipline,"Notice (n=7,530)"
6,0.04953519256308101,0.29753567323273694,7530,0.003428795274050203,0.04281475382594261,0.05625563130021941,discipline,"Notice (n=7,530)"
7,0.04143426294820717,0.24907119533982391,7530,0.0028702915795081833,0.03580849145237113,0.04706003444404321,discipline,"Notice (n=7,530)"
8,0.034528552456839307,0.2876624954661475,7530,0.0033150169667362462,0.028031119202036263,0.04102598571164235,discipline,"Notice (n=7,530)"
-8,0.14225774225774226,3.1751027503881057,5005,0.04488029917291742,0.054292355878824125,0.2302231286366604,discipline,"Medicine (n=5,005)"
-7,0.2061938061938062,3.5704401918909814,5005,0.05046842152478022,0.10727570000523698,0.30511191238237545,discipline,"Medicine (n=5,005)"
-6,0.2725274725274725,4.255580633975659,5005,0.06015292953399869,0.15462773064083507,0.39042721441410994,discipline,"Medicine (n=5,005)"
-5,0.44235764235764236,5.792312433674538,5005,0.08187474087084162,0.2818831502507928,0.6028321344644919,discipline,"Medicine (n=5,005)"
-4,0.6743256743256744,8.535194814965063,5005,0.12064557493389541,0.4378603474552394,0.9107910011961093,discipline,"Medicine (n=5,005)"
-3,1.0131868131868131,9.708080576060791,5005,0.13722439709868894,0.7442269948733828,1.2821466315002434,discipline,"Medicine (n=5,005)"
-2,1.2243756243756243,9.13191610350139,5005,0.12908027203120526,0.971378291194462,1.4773729575567867,discipline,"Medicine (n=5,005)"
-1,1.767032967032967,10.421170349569588,5005,0.14730397085998242,1.4783171841474014,2.0557487499185325,discipline,"Medicine (n=5,005)"
0,2.578821178821179,10.357712355766358,5005,0.146406987684728,2.291863482959112,2.8657788746832455,discipline,"Medicine (n=5,005)"
1,1.6427572427572428,7.53925577811627,5005,0.1065679070769111,1.433884144886497,1.8516303406279886,discipline,"Medicine (n=5,005)"
2,1.1982017982017983,6.01379615283911,5005,0.08500542871293473,1.0315911579244461,1.3648124384791505,discipline,"Medicine (n=5,005)"
3,0.9066933066933067,4.730959688180422,5005,0.06687244567269388,0.7756233131748267,1.0377633002117868,discipline,"Medicine (n=5,005)"
4,0.7572427572427572,4.042441950167449,5005,0.05714019934960858,0.6452479665175245,0.86923754796799,discipline,"Medicine (n=5,005)"
5,0.6631368631368632,3.320058962885465,5005,0.046929265362455466,0.5711555030264505,0.7551182232472758,discipline,"Medicine (n=5,005)"
6,0.5338661338661339,2.8258650936023355,5005,0.039943800498322364,0.4555762848894221,0.6121559828428458,discipline,"Medicine (n=5,005)"
7,0.43696303696303695,2.3753228497869054,5005,0.03357535440945095,0.3711553423205131,0.5027707316055608,discipline,"Medicine (n=5,005)"
8,0.34565434565434566,1.6219429820970457,5005,0.02292627735245149,0.3007188420435407,0.3905898492651506,discipline,"Medicine (n=5,005)"
-8,0.019986675549633577,0.6625411144883769,4503,0.009873289251146136,0.0006350286173871511,0.03933832248188,discipline,"Computer science (n=4,503)"
-7,0.015101043748612037,0.4503252018634798,4503,0.006710815189955897,0.0019478459762984797,0.028254241520925594,discipline,"Computer science (n=4,503)"
-6,0.02287363979569176,0.36282249555838936,4503,0.005406836447028536,0.012276240359515831,0.033471039231867686,discipline,"Computer science (n=4,503)"
-5,0.0519653564290473,0.5667054489599105,4503,0.008445131472486132,0.035412898742974486,0.06851781411512012,discipline,"Computer science (n=4,503)"
-4,0.18942926937597157,1.6658575816316035,4503,0.02482486504609541,0.14077253388562455,0.2380860048663186,discipline,"Computer science (n=4,503)"
-3,0.3320008882966911,2.368470644183324,4503,0.0352953126100382,0.2628220755810162,0.401179701012366,discipline,"Computer science (n=4,503)"
-2,0.7321785476349101,3.2911107381573625,4503,0.04904463672488171,0.6360510596541419,0.8283060356156783,discipline,"Computer science (n=4,503)"
-1,1.6999777925827226,5.248757971120415,4503,0.07821779588448456,1.546670912649133,1.8532846725163123,discipline,"Computer science (n=4,503)"
0,2.572729291583389,4.90178824740889,4503,0.07304719987363996,2.4295567798310547,2.715901803335723,discipline,"Computer science (n=4,503)"
1,1.5500777259604708,3.74309544942296,4503,0.05578018217833946,1.4407485688909254,1.6594068830300162,discipline,"Computer science (n=4,503)"
2,0.7144126138130136,2.236104464614509,4503,0.03332277151126993,0.6490999816509245,0.7797252459751026,discipline,"Computer science (n=4,503)"
3,0.2835887186320231,1.4365645571488468,4503,0.021407905246194413,0.24162922434948206,0.32554821291456415,discipline,"Computer science (n=4,503)"
4,0.07839218298911836,0.6226381511797171,4503,0.009278649175067986,0.06020603060598511,0.0965783353722516,discipline,"Computer science (n=4,503)"
5,0.03597601598934044,0.42264107032407994,4503,0.006298262017966949,0.02363142243412522,0.048320609544555665,discipline,"Computer science (n=4,503)"
6,0.02176326893182323,0.28971224546448654,4503,0.004317336292825804,0.013301289797884653,0.030225248065761802,discipline,"Computer science (n=4,503)"
7,0.015101043748612037,0.2144145423307998,4503,0.0031952383781025592,0.00883837652753102,0.021363710969693053,discipline,"Computer science (n=4,503)"
8,0.007772596047079724,0.14351675474821382,4503,0.002138708679398905,0.00358072703545787,0.011964465058701579,discipline,"Computer science (n=4,503)"
-8,0.6743243243243243,3.0694514199061613,740,0.11283527828608049,0.4531671788836066,0.8954814697650421,discipline,Biology (n=740)
-7,0.8067567567567567,3.01313457961636,740,0.11076503006352133,0.589657297832255,1.0238562156812585,discipline,Biology (n=740)
-6,1.0972972972972972,3.989328558444223,740,0.14665063442523021,0.8098620538238459,1.3847325407707485,discipline,Biology (n=740)
-5,1.3121621621621622,4.338032476282091,740,0.15946924538402013,0.9996024412094827,1.6247218831148418,discipline,Biology (n=740)
-4,1.7459459459459459,5.488854229696306,740,0.2017742944107084,1.3504683289009574,2.1414235629909344,discipline,Biology (n=740)
-3,2.6783783783783783,7.785126346097467,740,0.28618693622492974,2.1174519833775163,3.2393047733792404,discipline,Biology (n=740)
-2,3.604054054054054,9.546764596426952,740,0.3509460462490292,2.916199803405957,4.291908304702152,discipline,Biology (n=740)
-1,4.181081081081081,9.740873743790637,740,0.35808164042022633,3.4792410658574378,4.882921096304725,discipline,Biology (n=740)
0,4.109459459459459,8.13437000327505,740,0.2990253883964536,3.5233696982024103,4.695549220716508,discipline,Biology (n=740)
1,2.156756756756757,5.548142872333197,740,0.2039537882602452,1.7570073317666763,2.5565061817468377,discipline,Biology (n=740)
2,1.337837837837838,3.7321592825157395,740,0.1371969038244353,1.0689319063419447,1.6067437693337312,discipline,Biology (n=740)
3,0.9432432432432433,2.447725799927807,740,0.08998018994915928,0.7668820709428911,1.1196044155435954,discipline,Biology (n=740)
4,0.7378378378378379,2.134560176130368,740,0.07846799266150901,0.5840405722212803,0.8916351034543955,discipline,Biology (n=740)
5,0.5878378378378378,1.9133073408194892,740,0.07033457667649544,0.4499820675519068,0.7256936081237688,discipline,Biology (n=740)
6,0.47162162162162163,1.6583752479040121,740,0.06096308655887365,0.3521339719662293,0.591109271277014,discipline,Biology (n=740)
7,0.40135135135135136,1.3394193441553306,740,0.04923803434691486,0.30484480403139824,0.4978578986713045,discipline,Biology (n=740)
8,0.3364864864864865,1.415750786950455,740,0.05204403399033949,0.23448017986542108,0.4384927931075519,discipline,Biology (n=740)
-8,0.13858695652173914,0.8727656646279381,736,0.03217056921439303,0.0755326408615288,0.20164127218194947,discipline,Materials science (n=736)
-7,0.2608695652173913,1.063886498139159,736,0.03921537660310523,0.18400742707530504,0.33773170335947755,discipline,Materials science (n=736)
-6,0.32472826086956524,1.5043655048943,736,0.05545164820339127,0.21604303039091838,0.4334134913482121,discipline,Materials science (n=736)
-5,0.6480978260869565,3.5951322602441675,736,0.1325183332714942,0.3883618928748279,0.9078337592990852,discipline,Materials science (n=736)
-4,0.8994565217391305,4.756743838922533,736,0.1753359041346233,0.5557981496352689,1.2431148938429921,discipline,Materials science (n=736)
-3,1.2866847826086956,5.446400485282094,736,0.20075698538824324,0.8932010912477388,1.6801684739696523,discipline,Materials science (n=736)
-2,2.0135869565217392,7.6446472430046954,736,0.2817854359056884,1.46128750214659,2.5658864108968884,discipline,Materials science (n=736)
-1,3.1114130434782608,8.269842279869966,736,0.3048304307091255,2.513945399288375,3.7088806876681466,discipline,Materials science (n=736)
0,3.7907608695652173,9.467723700729294,736,0.34898492569240225,3.1067504152081087,4.474771323922326,discipline,Materials science (n=736)
1,1.794836956521739,4.678510778296055,736,0.17245219526093516,1.4568306538103062,2.132843259233172,discipline,Materials science (n=736)
2,1.110054347826087,4.103770557201991,736,0.15126698964118343,0.8135710481293674,1.4065376475228064,discipline,Materials science (n=736)
3,0.7554347826086957,3.3846348009610967,736,0.12475929398091125,0.5109065664061097,0.9999629988112817,discipline,Materials science (n=736)
4,0.5203804347826086,2.650040249592488,736,0.09768177957228208,0.32892414682093574,0.7118367227442816,discipline,Materials science (n=736)
5,0.375,2.02920848481124,736,0.07479761711167103,0.22839667046112477,0.5216033295388752,discipline,Materials science (n=736)
6,0.24592391304347827,1.3095607467028547,736,0.04827104954938417,0.1513126559266853,0.34053517016027124,discipline,Materials science (n=736)
7,0.15217391304347827,0.7603763136898634,736,0.028027842776070785,0.09723934120237954,0.207108484884577,discipline,Materials science (n=736)
8,0.09782608695652174,0.437924172200458,736,0.016142099149187388,0.06618757262411445,0.12946460128892903,discipline,Materials science (n=736)
-8,0.15503875968992248,0.9770143734221163,516,0.043010659528633186,0.07073786701380144,0.23933965236604351,discipline,Chemistry (n=516)
-7,0.22674418604651161,1.7328751181804334,516,0.07628557341755425,0.0772244621481053,0.37626390994491793,discipline,Chemistry (n=516)
-6,0.3798449612403101,2.609002483038075,516,0.11485493003983381,0.1547292983622358,0.6049606241183844,discipline,Chemistry (n=516)
-5,0.46511627906976744,3.317026418088586,516,0.14602394580560665,0.1789093452907784,0.7513232128487565,discipline,Chemistry (n=516)
-4,0.6201550387596899,3.3103399020611826,516,0.14572958835078226,0.3345250455921567,0.9057850319272231,discipline,Chemistry (n=516)
-3,0.8410852713178295,3.3492410362540763,516,0.14744211529364365,0.552098725342288,1.130071817293371,discipline,Chemistry (n=516)
-2,1.3837209302325582,4.548342972742598,516,0.20022963463155014,0.99127084635472,1.7761710141103964,discipline,Chemistry (n=516)
-1,2.052325581395349,4.969731138691335,516,0.21878021426277303,1.6235163614403139,2.4811348013503842,discipline,Chemistry (n=516)
0,2.1763565891472867,4.582565430311137,516,0.20173619432069564,1.7809536482787232,2.57175953001585,discipline,Chemistry (n=516)
1,1.1744186046511629,2.618938614620119,516,0.11529234384267287,0.948445610719524,1.4003915985828017,discipline,Chemistry (n=516)
2,0.7189922480620154,1.8665444298697136,516,0.08217003674879171,0.5579389760343837,0.8800455200896472,discipline,Chemistry (n=516)
3,0.45348837209302323,1.4507338089155255,516,0.06386499484484494,0.3283129821971271,0.5786637619889193,discipline,Chemistry (n=516)
4,0.3953488372093023,1.2917579180531527,516,0.056866471485159956,0.2838905530983888,0.5068071213202158,discipline,Chemistry (n=516)
5,0.30426356589147285,0.9360427134837891,516,0.041206982772314917,0.2234978796577356,0.3850292521252101,discipline,Chemistry (n=516)
6,0.24224806201550386,0.8322609190481539,516,0.03663824402376719,0.17043710372892018,0.31405902030208754,discipline,Chemistry (n=516)
7,0.17635658914728683,0.695270500390877,516,0.030607577110530883,0.1163657380106463,0.23634744028392735,discipline,Chemistry (n=516)
8,0.13953488372093023,0.5607787379666963,516,0.024686907404545863,0.09114854520802035,0.1879212222338401,discipline,Chemistry (n=516)
-8,0.25269907243144607,2.56184045634773,39458,0.012896876630720257,0.22742119423523438,0.27797695062765776,discipline,"Other (n=39,458)"
-7,0.34956155912615944,2.972359583674962,39458,0.01496352154085576,0.32023305690608217,0.3788900613462367,discipline,"Other (n=39,458)"
-6,0.4871255512190177,3.435317021874258,39458,0.017294152611551986,0.4532290121003758,0.5210220903376596,discipline,"Other (n=39,458)"
-5,0.6745653606366263,3.9717751625640374,39458,0.019994802623100775,0.6353755474953487,0.7137551737779039,discipline,"Other (n=39,458)"
-4,1.0580870799330935,15.214255663565032,39458,0.0765919586581007,0.9079668409632161,1.208207318902971,discipline,"Other (n=39,458)"
-3,1.4111713720918444,8.373399790586749,39458,0.04215356339280094,1.3285503878419544,1.4937923563417344,discipline,"Other (n=39,458)"
-2,1.9525318059709058,6.9433058562117465,39458,0.03495415134656058,1.8840216693316472,2.0210419426101645,discipline,"Other (n=39,458)"
-1,2.732981904810178,8.299361744225278,39458,0.041780839342972824,2.6510914596979513,2.8148723499224046,discipline,"Other (n=39,458)"
0,3.2685640427796643,9.058084198317486,39458,0.04560041751504005,3.1791872244501858,3.357940861109143,discipline,"Other (n=39,458)"
1,1.8385118353692533,6.070980652076027,39458,0.030562671575940864,1.7786089990804093,1.8984146716580974,discipline,"Other (n=39,458)"
2,1.0108469765320087,3.7712130995529103,39458,0.01898512843474603,0.9736361247999065,1.0480578282641109,discipline,"Other (n=39,458)"
3,0.604718941659486,2.7491070019526695,39458,0.013839618217044958,0.5775932899540779,0.6318445933648942,discipline,"Other (n=39,458)"
4,0.4237417000354808,2.278564330127373,39458,0.011470801387338123,0.4012589293162981,0.4462244707546635,discipline,"Other (n=39,458)"
5,0.3192255056008921,2.0229005179691364,39458,0.01018373269569714,0.2992653895173257,0.3391856216844585,discipline,"Other (n=39,458)"
6,0.23962187642556643,1.7584395835726354,39458,0.008852377327291744,0.2222712168640746,0.25697253598705827,discipline,"Other (n=39,458)"
7,0.19575244563840033,1.548401402072823,39458,0.007794998243503777,0.18047424908113294,0.21103064219566772,discipline,"Other (n=39,458)"
8,0.15069187490496225,1.3101337595440727,39458,0.006595505752403564,0.13776468363025127,0.16361906617967323,discipline,"Other (n=39,458)"
-8,0.00016087516087516087,0.012682977019281139,18648,9.287633627089363e-05,-2.116245821579064e-05,0.0003429127799661124,citation_quartile,"Q1 (low) (n=18,648)"
-7,0.00032175032175032174,0.01793499505805853,18648,0.00013133640701995625,6.433096399120747e-05,0.000579169679509436,citation_quartile,"Q1 (low) (n=18,648)"
-6,0.0002681252681252681,0.01637277472249116,18648,0.00011989640354168717,3.312831718356126e-05,0.000503122219066975,citation_quartile,"Q1 (low) (n=18,648)"
-5,0.0008043758043758043,0.02835087099634932,18648,0.00020761095949528954,0.00039745832376503686,0.0012112932849865717,citation_quartile,"Q1 (low) (n=18,648)"
-4,0.0018232518232518232,0.04266175306979828,18648,0.0003124083027188984,0.0012109315499227824,0.002435572096580864,citation_quartile,"Q1 (low) (n=18,648)"
-3,0.0030566280566280564,0.055203700067484394,18648,0.00040425188842263115,0.0022642943553196995,0.0038489617579364134,citation_quartile,"Q1 (low) (n=18,648)"
-2,0.008097383097383098,0.08962279963263375,18648,0.0006562999573022331,0.006811035181070721,0.009383731013695475,citation_quartile,"Q1 (low) (n=18,648)"
-1,0.027670527670527672,0.1640314372960521,18648,0.0012011879313623187,0.025316199325057527,0.030024856015997817,citation_quartile,"Q1 (low) (n=18,648)"
0,0.16210853710853712,0.3685602305626076,18648,0.0026989344739624067,0.1568186255395708,0.16739844867750345,citation_quartile,"Q1 (low) (n=18,648)"
1,0.03871728871728872,0.19292551985133,18648,0.0014127767818004513,0.03594824622495983,0.0414863312096176,citation_quartile,"Q1 (low) (n=18,648)"
2,0.0259009009009009,0.15884393998026528,18648,0.0011632003402492124,0.023621028234012444,0.028180773567789356,citation_quartile,"Q1 (low) (n=18,648)"
3,0.017964392964392964,0.13282552328614408,18648,0.0009726697404976094,0.01605796027301765,0.019870825655768278,citation_quartile,"Q1 (low) (n=18,648)"
4,0.013245388245388245,0.11432693842600107,18648,0.000837206214434729,0.011604464065096177,0.014886312425680313,citation_quartile,"Q1 (low) (n=18,648)"
5,0.008097383097383098,0.08962279963263416,18648,0.000656299957302236,0.006811035181070716,0.00938373101369548,citation_quartile,"Q1 (low) (n=18,648)"
6,0.007078507078507079,0.08383781208191893,18648,0.0006139369972285596,0.005875190563939102,0.008281823593075055,citation_quartile,"Q1 (low) (n=18,648)"
7,0.00605963105963106,0.07760950281600953,18648,0.0005683276308392393,0.004945708903186151,0.007173553216075969,citation_quartile,"Q1 (low) (n=18,648)"
8,0.004558129558129558,0.06736168303945522,18648,0.0004932837390018702,0.003591293429685893,0.005524965686573224,citation_quartile,"Q1 (low) (n=18,648)"
-8,0.0018581081081081082,0.04498605768154146,11840,0.00041343009247280925,0.001047785126861402,0.002668431089354814,citation_quartile,"Q2 (n=11,840)"
-7,0.004054054054054054,0.08513336769589833,11840,0.0007823912094764133,0.002520567283480284,0.005587540824627825,citation_quartile,"Q2 (n=11,840)"
-6,0.008108108108108109,0.10118882068861408,11840,0.0009299437570337184,0.006285418344322021,0.009930797871894197,citation_quartile,"Q2 (n=11,840)"
-5,0.011233108108108108,0.12449950367182216,11840,0.001144173194286817,0.008990528647305946,0.01347568756891027,citation_quartile,"Q2 (n=11,840)"
-4,0.016131756756756755,0.1405643165723747,11840,0.0012918117611079101,0.01359980570498525,0.01866370780852826,citation_quartile,"Q2 (n=11,840)"
-3,0.038597972972972974,0.23383831015505122,11840,0.002149016810396257,0.03438590002459631,0.04281004592134964,citation_quartile,"Q2 (n=11,840)"
-2,0.10076013513513514,0.3672542424347874,11840,0.0033751336133004983,0.09414487325306617,0.10737539701720411,citation_quartile,"Q2 (n=11,840)"
-1,0.3244087837837838,0.6294666131223886,11840,0.005784913226093075,0.31307035386064136,0.33574721370692623,citation_quartile,"Q2 (n=11,840)"
0,1.0880912162162162,0.9336969100742992,11840,0.008580845261130399,1.0712727595044007,1.1049096729280317,citation_quartile,"Q2 (n=11,840)"
1,0.47863175675675673,0.687427292884052,11840,0.00631758246693397,0.46624929512156615,0.4910142183919473,citation_quartile,"Q2 (n=11,840)"
2,0.2566722972972973,0.5183492488550794,11840,0.004763724338869953,0.24733539759311218,0.2660091970014824,citation_quartile,"Q2 (n=11,840)"
3,0.12736486486486487,0.37826024938776803,11840,0.0034762808288342165,0.1205513544403498,0.13417837528937993,citation_quartile,"Q2 (n=11,840)"
4,0.07407094594594595,0.29150772397723984,11840,0.002679009264016905,0.06882008778847282,0.07932180410341907,citation_quartile,"Q2 (n=11,840)"
5,0.04788851351351351,0.23572465523799455,11840,0.002166352666487441,0.043642462287198126,0.052134564739828894,citation_quartile,"Q2 (n=11,840)"
6,0.03690878378378378,0.20609655169654936,11840,0.0018940649796301931,0.0331964164237086,0.04062115114385896,citation_quartile,"Q2 (n=11,840)"
7,0.028293918918918918,0.18324107092019287,11840,0.0016840189338581779,0.024993241808556887,0.03159459602928095,citation_quartile,"Q2 (n=11,840)"
8,0.022212837837837836,0.16002101592716,11840,0.0014706223843994266,0.01933041796441496,0.025095257711260713,citation_quartile,"Q2 (n=11,840)"
-8,0.030704612933594035,0.28237391233954656,13809,0.0024029429293169237,0.025994844792132862,0.03541438107505521,citation_quartile,"Q3 (n=13,809)"
-7,0.04308784126294446,0.32974439854177995,13809,0.0028060558583225116,0.037587971780632334,0.048587710745256585,citation_quartile,"Q3 (n=13,809)"
-6,0.0545296545731045,0.3410351601430972,13809,0.0029021378778394703,0.048841464332539136,0.06021784481366986,citation_quartile,"Q3 (n=13,809)"
-5,0.09073792454196539,0.46341418533106615,13809,0.003943557783933759,0.08300855128545521,0.09846729779847556,citation_quartile,"Q3 (n=13,809)"
-4,0.14620899413426028,0.5837831155634894,13809,0.00496787220241177,0.13647196461753322,0.15594602365098734,citation_quartile,"Q3 (n=13,809)"
-3,0.2852487508146861,0.8411407466578196,13809,0.0071579318110354135,0.2712192044650567,0.2992782971643155,citation_quartile,"Q3 (n=13,809)"
-2,0.6250271562024766,1.266158327426421,13809,0.01077474252163399,0.603908660860074,0.6461456515448792,citation_quartile,"Q3 (n=13,809)"
-1,1.390397566804258,1.7561835530156946,13809,0.014944754691882785,1.3611058476081679,1.4196892860003483,citation_quartile,"Q3 (n=13,809)"
0,2.358968788471287,1.9826081825099586,13809,0.016871580927205115,2.325900489853965,2.392037087088609,citation_quartile,"Q3 (n=13,809)"
1,1.353175465276269,1.5062770183324596,13809,0.012818102355157441,1.3280519846601604,1.3782989458923778,citation_quartile,"Q3 (n=13,809)"
2,0.6963574480411326,1.0192180981269774,13809,0.008673332823256925,0.6793577157075491,0.7133571803747162,citation_quartile,"Q3 (n=13,809)"
3,0.3622275327684843,0.7514054946195442,13809,0.006394303586284401,0.34969469773936684,0.37476036779760175,citation_quartile,"Q3 (n=13,809)"
4,0.21037004851908175,0.5688334386767724,13809,0.004840653579158386,0.20088236750393132,0.2198577295342322,citation_quartile,"Q3 (n=13,809)"
5,0.15019190383083497,0.48429133095666477,13809,0.004121217926295028,0.14211431669529673,0.15826949096637322,citation_quartile,"Q3 (n=13,809)"
6,0.10551089868926063,0.41142351554126716,13809,0.003501128059010648,0.09864868769359976,0.1123731096849215,citation_quartile,"Q3 (n=13,809)"
7,0.08241002244912739,0.355821617320553,13809,0.0030279675355080224,0.07647520607953166,0.08834483881872311,citation_quartile,"Q3 (n=13,809)"
8,0.05988847852849591,0.3107610630617152,13809,0.002644511644167838,0.05470523570592695,0.06507172135106487,citation_quartile,"Q3 (n=13,809)"
-8,0.782115425269537,4.722118205313858,14191,0.039639699563419506,0.7044216141252349,0.8598092364138392,citation_quartile,"Q4 (high) (n=14,191)"
-7,1.0725812134451413,5.386389820932095,14191,0.04521591051933818,0.9839580288272385,1.1612043980630442,citation_quartile,"Q4 (high) (n=14,191)"
-6,1.4929885138468044,6.248557563541062,14191,0.052453355412571116,1.3901799372381651,1.5957970904554437,citation_quartile,"Q4 (high) (n=14,191)"
-5,2.0773025156789515,7.417957180675918,14191,0.06226985035770825,1.9552536089778434,2.19935142238006,citation_quartile,"Q4 (high) (n=14,191)"
-4,3.2521316327249665,25.811756712162587,14191,0.21667612643046832,2.8274464249212485,3.6768168405286845,citation_quartile,"Q4 (high) (n=14,191)"
-3,4.323937706997393,14.916213866366466,14191,0.1252137728405677,4.07851871222988,4.569356701764906,citation_quartile,"Q4 (high) (n=14,191)"
-2,5.74998238320062,12.368031882617537,14191,0.10382312485656363,5.546489058481755,5.953475707919485,citation_quartile,"Q4 (high) (n=14,191)"
-1,7.577971954055387,14.488423300258498,14191,0.1216226959595395,7.33959146997469,7.816352438136085,citation_quartile,"Q4 (high) (n=14,191)"
0,7.919737862025228,15.651475357342903,14191,0.13138590647543946,7.662221485333366,8.177254238717088,citation_quartile,"Q4 (high) (n=14,191)"
1,4.704601507998027,10.724849102337117,14191,0.09002946936001069,4.528143748052406,4.881059267943648,citation_quartile,"Q4 (high) (n=14,191)"
2,2.7506165879782962,7.080272806149759,14191,0.05943516757945524,2.634123659522564,2.8671095164340286,citation_quartile,"Q4 (high) (n=14,191)"
3,1.7776055246282856,5.3066642256094765,14191,0.044546656064304205,1.6902940787422494,1.8649169705143218,citation_quartile,"Q4 (high) (n=14,191)"
4,1.3149883729124092,4.435013500309422,14191,0.037229606517291784,1.2420183441385173,1.3879584016863011,citation_quartile,"Q4 (high) (n=14,191)"
5,1.0326263124515538,3.8631806174771617,14191,0.03242937012116619,0.9690647470140681,1.0961878778890395,citation_quartile,"Q4 (high) (n=14,191)"
6,0.79113522655204,3.3430470672055828,14191,0.028063122439687456,0.7361315065702526,0.8461389465338275,citation_quartile,"Q4 (high) (n=14,191)"
7,0.6486505531675005,2.9057083579011156,14191,0.024391893916696578,0.6008424410907752,0.6964586652442258,citation_quartile,"Q4 (high) (n=14,191)"
8,0.5065886829680784,2.368086115509339,14191,0.019878837859980295,0.46762616076251695,0.5455512051736398,citation_quartile,"Q4 (high) (n=14,191)"
-8,6.268020559107433e-05,0.00791695908322263,31908,4.432090387068125e-05,-2.4188765995460915e-05,0.00014954917717760957,ttr_group,"Fast (≤1 yr) (n=31,908)"
-7,0.00012536041118214867,0.011195919988470393,31908,6.267725882332708e-05,2.5129838884276046e-06,0.00024820783847586975,ttr_group,"Fast (≤1 yr) (n=31,908)"
-6,0.00015670051397768584,0.012517222907704236,31908,7.007420745623274e-05,1.9355067363469654e-05,0.000294045960591902,ttr_group,"Fast (≤1 yr) (n=31,908)"
-5,9.40203083866115e-05,0.009696103082664267,31908,5.428094905248036e-05,-1.2370351756249987e-05,0.000200410968529473,ttr_group,"Fast (≤1 yr) (n=31,908)"
-4,0.0006894822615018178,0.0694697897915347,31908,0.00038890738765997755,-7.277621831173824e-05,0.0014517407413153736,ttr_group,"Fast (≤1 yr) (n=31,908)"
-3,0.0011909239062304125,0.08489423544812787,31908,0.0004752568769042923,0.00025942042749799957,0.0021224273849628256,ttr_group,"Fast (≤1 yr) (n=31,908)"
-2,0.004701015419330576,0.10729128134122234,31908,0.0006006405384314416,0.00352375996400495,0.005878270874656201,ttr_group,"Fast (≤1 yr) (n=31,908)"
-1,0.4428983327065313,2.7413720732090727,31908,0.015346812690739889,0.4128185798326811,0.47297808558038146,ttr_group,"Fast (≤1 yr) (n=31,908)"
0,1.6921461702394385,7.192435145474014,31908,0.04026485716645947,1.6132270501931778,1.7710652902856991,ttr_group,"Fast (≤1 yr) (n=31,908)"
1,1.139682838159709,5.437630000896527,31908,0.030441066326184308,1.0800183481603878,1.1993473281590303,ttr_group,"Fast (≤1 yr) (n=31,908)"
2,0.6636893569010907,3.0178689244414603,31908,0.016894703773060404,0.6305757375058922,0.6968029762962891,ttr_group,"Fast (≤1 yr) (n=31,908)"
3,0.39234674689732985,2.0030785460770644,31908,0.011213680752025309,0.37036793262336026,0.41432556117129943,ttr_group,"Fast (≤1 yr) (n=31,908)"
4,0.2598094521750031,1.5250047552723434,31908,0.008537316973633356,0.24307631090668175,0.2765425934433245,ttr_group,"Fast (≤1 yr) (n=31,908)"
5,0.19860223141531905,1.3365603271056052,31908,0.007482363007350663,0.18393679992091175,0.21326766290972635,ttr_group,"Fast (≤1 yr) (n=31,908)"
6,0.14613889933558982,1.0512840025926362,31908,0.005885322474185005,0.13460366728618722,0.15767413138499242,ttr_group,"Fast (≤1 yr) (n=31,908)"
7,0.12404412686473612,0.9662080235827052,31908,0.005409048156259846,0.11344239247846682,0.13464586125100542,ttr_group,"Fast (≤1 yr) (n=31,908)"
8,0.09602607496552588,0.7487053023359709,31908,0.004191419380027226,0.08781089298067252,0.10424125695037925,ttr_group,"Fast (≤1 yr) (n=31,908)"
-8,0.0003101256008683517,0.020332879586198963,19347,0.00014618138519567421,2.36100858848302e-05,0.0005966411158518732,ttr_group,"Medium (2–5 yr) (n=19,347)"
-7,0.0011888148033286814,0.04371643519628785,19347,0.0003142953277089137,0.0005727959610192106,0.0018048336456381524,ttr_group,"Medium (2–5 yr) (n=19,347)"
-6,0.002791130407815165,0.05744899119541901,19347,0.00041302428785053183,0.0019816028036281227,0.0036006580120022075,ttr_group,"Medium (2–5 yr) (n=19,347)"
-5,0.1200186075360521,2.255302822119783,19347,0.01621429415226347,0.0882385909976157,0.15179862407448852,ttr_group,"Medium (2–5 yr) (n=19,347)"
-4,0.8269499147154598,21.150126528748622,19347,0.15205690762732857,0.5289183757658957,1.1249814536650238,ttr_group,"Medium (2–5 yr) (n=19,347)"
-3,1.6714219258799814,11.090453146591148,19347,0.07973380241315288,1.5151436731502017,1.827700178609761,ttr_group,"Medium (2–5 yr) (n=19,347)"
-2,3.0362330077014525,8.828920647188713,19347,0.06347472056367026,2.911822555396659,3.1606434600062463,ttr_group,"Medium (2–5 yr) (n=19,347)"
-1,4.439189538429731,11.073677875851681,19347,0.07961319813261643,4.283147670089803,4.595231406769659,ttr_group,"Medium (2–5 yr) (n=19,347)"
0,4.148033286814493,9.70125991562487,19347,0.06974632425265946,4.01133049127928,4.284736082349705,ttr_group,"Medium (2–5 yr) (n=19,347)"
1,2.107406833100739,5.925669045252911,19347,0.0426020576954654,2.023906800017627,2.1909068661838513,ttr_group,"Medium (2–5 yr) (n=19,347)"
2,1.098619941076136,4.232173303285074,19347,0.030426824358035648,1.038983365334386,1.1582565168178858,ttr_group,"Medium (2–5 yr) (n=19,347)"
3,0.6553470822349718,3.3206266382674525,19347,0.023873342663626854,0.6085553306142633,0.7021388338556804,ttr_group,"Medium (2–5 yr) (n=19,347)"
4,0.4559880084767664,2.7667637389860062,19347,0.019891395813343583,0.417000872682613,0.4949751442709198,ttr_group,"Medium (2–5 yr) (n=19,347)"
5,0.34480798056546236,2.445929131163079,19347,0.017584784632598674,0.31034180268556893,0.3792741584453558,ttr_group,"Medium (2–5 yr) (n=19,347)"
6,0.27265209076342584,2.197674120617823,19347,0.015799977853538004,0.24168413417049134,0.30362004735636033,ttr_group,"Medium (2–5 yr) (n=19,347)"
7,0.22499612342998915,1.920921823784495,19347,0.013810292431181988,0.19792795026487245,0.2520642965951058,ttr_group,"Medium (2–5 yr) (n=19,347)"
8,0.17646146689409212,1.613924863783109,19347,0.011603165758660688,0.15371926200711716,0.19920367178106707,ttr_group,"Medium (2–5 yr) (n=19,347)"
-8,1.5954652288123876,6.524018880518423,7233,0.07671070545528604,1.445112246120027,1.7458182115047483,ttr_group,"Slow (>5 yr) (n=7,233)"
-7,2.1903774367482374,7.389477411835135,7233,0.08688693818781994,2.02007903790011,2.3606758355963646,ttr_group,"Slow (>5 yr) (n=7,233)"
-6,3.03912622701507,8.484205191530346,7233,0.09975896412764147,2.8435986573248924,3.2346537967052473,ttr_group,"Slow (>5 yr) (n=7,233)"
-5,3.947877782386285,9.362427778972537,7233,0.11008527915879963,3.732110635235038,4.163644929537533,ttr_group,"Slow (>5 yr) (n=7,233)"
-4,4.475874464261026,10.498577917381759,7233,0.12344435739211809,4.233923523772475,4.717825404749577,ttr_group,"Slow (>5 yr) (n=7,233)"
-3,4.623116272639292,10.813972896759005,7233,0.12715283399345517,4.37389671801212,4.872335827266464,ttr_group,"Slow (>5 yr) (n=7,233)"
-2,4.5183188165353245,10.743913065996551,7233,0.12632905663469948,4.270713865531314,4.765923767539335,ttr_group,"Slow (>5 yr) (n=7,233)"
-1,4.296833955481819,10.08929776598039,7233,0.1186319603531398,4.064315313189665,4.529352597773974,ttr_group,"Slow (>5 yr) (n=7,233)"
0,3.681045209456657,8.569529293634853,7233,0.10076222181046648,3.483551254708143,3.878539164205171,ttr_group,"Slow (>5 yr) (n=7,233)"
1,2.032489976496613,5.663027369700626,7233,0.06658699683404468,1.9019794627018853,2.1630004902913402,ttr_group,"Slow (>5 yr) (n=7,233)"
2,1.3466058343702474,4.652945041870855,7233,0.05471024887319542,1.2393737465787844,1.4538379221617104,ttr_group,"Slow (>5 yr) (n=7,233)"
3,0.950228121111572,3.627765997738468,7233,0.0426559907335988,0.8666223792737183,1.0338338629494257,ttr_group,"Slow (>5 yr) (n=7,233)"
4,0.7711876123323655,3.2686732845701267,7233,0.03843370752818796,0.6958575455771171,0.846517679087614,ttr_group,"Slow (>5 yr) (n=7,233)"
5,0.6135766625190101,2.68849530786809,7233,0.03161186002935039,0.5516174168614834,0.6755359081765369,ttr_group,"Slow (>5 yr) (n=7,233)"
6,0.4583160514309415,2.300432886876392,7233,0.027048945264671807,0.40530011871218474,0.5113319841496983,ttr_group,"Slow (>5 yr) (n=7,233)"
7,0.34287294345361535,1.8461150872598933,7233,0.021706986642580032,0.30032724963415847,0.38541863727307224,ttr_group,"Slow (>5 yr) (n=7,233)"
8,0.2607493432877091,1.455850397078107,7233,0.017118177160815547,0.22719771605251063,0.2943009705229076,ttr_group,"Slow (>5 yr) (n=7,233)"
